infovis95--528697,1995,30
infovis95--528696,1995,28
infovis95--528695,1995,13
infovis95--528694,1995,1
infovis95--528693,1995,9
infovis95--528692,1995,132
infovis95--528691,1995,199
infovis95--528690,1995,36
infovis95--528689,1995,141
infovis95--528688,1995,216
infovis95--528687,1995,5
infovis95--528686,1995,529
infovis95--528685,1995,202
infovis95--528684,1995,20
infovis95--528683,1995,3
infovis95--528682,1995,71
infovis95--528681,1995,13
infovis95--528680,1995,44
infovis96--559229,1996,7
infovis96--559228,1996,22
infovis96--559227,1996,13
infovis96--559226,1996,74
infovis96--559225,1996,18
infovis96--559224,1996,12
infovis96--559223,1996,12
infovis96--559222,1996,41
infovis96--559221,1996,3
infovis96--559220,1996,10
infovis96--559219,1996,22
infovis96--559218,1996,21
infovis96--559216,1996,72
infovis96--559215,1996,47
infovis96--559214,1996,136
infovis96--559213,1996,80
infovis96--559212,1996,16
infovis96--559211,1996,61
infovis96--559210,1996,138
infovis97--636794,1997,66
infovis97--636793,1997,171
infovis97--636792,1997,257
infovis97--636791,1997,37
infovis97--636790,1997,19
infovis97--636789,1997,44
infovis97--636788,1997,14
infovis97--636787,1997,21
infovis97--636786,1997,106
infovis97--636785,1997,19
infovis97--636784,1997,114
infovis97--636782,1997,13
infovis97--636778,1997,18
infovis97--636761,1997,107
infovis97--636759,1997,52
infovis97--636718,1997,322
infovis98--729570,1998,63
infovis98--729569,1998,19
infovis98--729568,1998,54
infovis98--729567,1998,49
infovis98--729566,1998,10
infovis98--729565,1998,16
infovis98--729564,1998,28
infovis98--729563,1998,85
infovis98--729562,1998,24
infovis98--729561,1998,30
infovis98--729560,1998,143
infovis98--729559,1998,150
infovis98--729558,1998,147
infovis98--729557,1998,60
infovis98--729556,1998,28
infovis98--729555,1998,76
infovis98--729554,1998,19
infovis98--729553,1998,45
infovis99--801851,1999,190
infovis99--801852,1999,28
infovis99--801853,1999,39
infovis99--801854,1999,164
infovis99--801855,1999,58
infovis99--801856,1999,8
infovis99--801857,1999,37
infovis99--801858,1999,68
infovis99--801859,1999,43
infovis99--801860,1999,225
infovis99--801861,1999,28
infovis99--801862,1999,21
infovis99--801863,1999,16
infovis99--801864,1999,16
infovis99--801865,1999,25
infovis99--801866,1999,129
infovis99--801867,1999,27
infovis99--801868,1999,8
infovis99--801869,1999,27
infovis00--857699,2000,14
infovis00--885101,2000,30
infovis00--885102,2000,70
infovis00--885103,2000,12
infovis00--885104,2000,30
infovis00--885105,2000,11
infovis00--885086,2000,302
infovis00--885087,2000,8
infovis00--885088,2000,69
infovis00--885089,2000,24
infovis00--885090,2000,33
infovis00--885091,2000,254
infovis00--885092,2000,264
infovis00--885093,2000,20
infovis00--885094,2000,28
infovis00--885095,2000,74
infovis00--885096,2000,16
infovis00--885097,2000,42
infovis00--885098,2000,382
infovis00--885099,2000,79
infovis01--963273,2001,168
infovis01--963274,2001,46
infovis01--963275,2001,82
infovis01--963277,2001,27
infovis01--963278,2001,28
infovis01--963279,2001,236
infovis01--963280,2001,21
infovis01--963281,2001,22
infovis01--963282,2001,16
infovis01--963283,2001,148
infovis01--963284,2001,37
infovis01--963285,2001,98
infovis01--963286,2001,86
infovis01--963287,2001,64
infovis01--963288,2001,39
infovis01--963289,2001,82
infovis01--963290,2001,99
infovis01--963291,2001,89
infovis01--963292,2001,15
infovis01--963293,2001,18
infovis01--963294,2001,32
infovis01--963295,2001,12
infovis02--1173141,2002,76
infovis02--1173142,2002,29
infovis02--1173143,2002,12
infovis02--1173144,2002,17
infovis02--1173145,2002,48
infovis02--1173146,2002,31
infovis02--1173147,2002,2
infovis02--1173148,2002,263
infovis02--1173149,2002,26
infovis02--1173150,2002,62
infovis02--1173151,2002,97
infovis02--1173152,2002,57
infovis02--1173153,2002,84
infovis02--1173154,2002,9
infovis02--1173155,2002,104
infovis02--1173156,2002,165
infovis02--1173157,2002,147
infovis02--1173158,2002,20
infovis02--1173159,2002,90
infovis02--1173160,2002,103
infovis02--1173161,2002,56
infovis02--1173162,2002,3
infovis02--1173163,2002,9
infovis03--1295823,2003,3
infovis03--1284026,2003,14
infovis03--1249031,2003,71
infovis03--1249028,2003,125
infovis03--1249027,2003,11
infovis03--1249026,2003,10
infovis03--1249025,2003,21
infovis03--1249023,2003,15
infovis03--1249022,2003,11
infovis03--1249020,2003,23
infovis03--1249019,2003,7
infovis03--1249018,2003,15
infovis03--1249016,2003,58
infovis03--1249015,2003,90
infovis03--1249014,2003,28
infovis03--1249010,2003,75
infovis03--1249009,2003,64
infovis03--1249008,2003,80
infovis03--1249007,2003,32
infovis03--1249006,2003,66
infovis03--1249005,2003,13
infovis03--1249004,2003,72
infovis03--1249013,2003,12
infovis03--1249021,2003,7
infovis03--1249024,2003,17
infovis03--1249030,2003,82
infovis03--1249011,2003,148
infovis03--1249012,2003,23
infovis03--1249017,2003,28
infovis04--1382900,2004,41
infovis04--1382901,2004,13
infovis04--1382902,2004,105
infovis04--1382903,2004,95
infovis04--1382904,2004,106
infovis04--1382905,2004,209
infovis04--1382906,2004,86
infovis04--1382907,2004,65
infovis04--1382908,2004,55
infovis04--1382909,2004,123
infovis04--1382910,2004,25
infovis04--1382884,2004,88
infovis04--1382885,2004,92
infovis04--1382886,2004,138
infovis04--1382887,2004,149
infovis04--1382888,2004,50
infovis04--1382889,2004,5
infovis04--1382890,2004,35
infovis04--1382891,2004,58
infovis04--1382892,2004,78
infovis04--1382893,2004,40
infovis04--1382894,2004,105
infovis04--1382895,2004,130
infovis04--1382896,2004,38
infovis04--1382897,2004,36
infovis04--1382898,2004,17
infovis04--1382899,2004,15
infovis05--1532122,2005,88
infovis05--1532123,2005,7
infovis05--1532124,2005,21
infovis05--1532125,2005,45
infovis05--1532126,2005,397
infovis05--1532127,2005,11
infovis05--1532128,2005,13
infovis05--1532129,2005,62
infovis05--1532130,2005,30
infovis05--1532131,2005,24
infovis05--1532132,2005,24
infovis05--1532133,2005,21
infovis05--1532134,2005,50
infovis05--1532135,2005,5
infovis05--1532136,2005,130
infovis05--1532137,2005,16
infovis05--1532138,2005,96
infovis05--1532139,2005,46
infovis05--1532140,2005,8
infovis05--1532141,2005,46
infovis05--1532142,2005,63
infovis05--1532143,2005,16
infovis05--1532144,2005,40
infovis05--1532145,2005,39
infovis05--1532146,2005,10
infovis05--1532147,2005,22
infovis05--1532148,2005,30
infovis05--1532149,2005,21
infovis05--1532150,2005,100
infovis05--1532151,2005,32
infovis05--1532152,2005,15
infovis06--4015416,2006,108
infovis06--4015417,2006,128
infovis06--4015418,2006,41
infovis06--4015419,2006,140
infovis06--4015420,2006,17
infovis06--4015421,2006,41
infovis06--4015422,2006,54
infovis06--4015423,2006,15
infovis06--4015424,2006,131
infovis06--4015425,2006,317
infovis06--4015426,2006,18
infovis06--4015427,2006,52
infovis06--4015428,2006,44
infovis06--4015429,2006,30
infovis06--4015430,2006,9
infovis06--4015431,2006,56
infovis06--4015432,2006,68
infovis06--4015433,2006,54
infovis06--4015434,2006,13
infovis06--4015435,2006,40
infovis06--4015436,2006,37
infovis06--4015437,2006,49
infovis06--4015438,2006,7
infovis06--4015439,2006,111
infovis07--4376129,2007,31
infovis07--4376130,2007,7
infovis07--4376131,2007,331
infovis07--4376132,2007,90
infovis07--4376133,2007,81
infovis07--4376134,2007,87
infovis07--4376135,2007,19
infovis07--4376136,2007,35
infovis07--4376137,2007,25
infovis07--4376138,2007,106
infovis07--4376139,2007,60
infovis07--4376140,2007,72
infovis07--4376141,2007,26
infovis07--4376142,2007,23
infovis07--4376143,2007,106
infovis07--4376144,2007,182
infovis07--4376145,2007,71
infovis07--4376146,2007,106
infovis07--4376147,2007,33
infovis07--4376148,2007,14
infovis07--4376149,2007,19
infovis07--4376150,2007,32
infovis07--4376151,2007,21
infovis07--4376152,2007,45
infovis07--4376153,2007,18
infovis07--4376154,2007,153
infovis07--4376155,2007,47
infovis08--4658123,2008,107
infovis08--4658124,2008,35
infovis08--4658125,2008,12
infovis08--4658126,2008,21
infovis08--4658127,2008,38
infovis08--4658128,2008,32
infovis08--4658129,2008,76
infovis08--4658130,2008,9
infovis08--4658131,2008,66
infovis08--4658132,2008,21
infovis08--4658133,2008,74
infovis08--4658134,2008,31
infovis08--4658135,2008,20
infovis08--4658136,2008,81
infovis08--4658137,2008,35
infovis08--4658138,2008,43
infovis08--4658139,2008,17
infovis08--4658140,2008,73
infovis08--4658141,2008,42
infovis08--4658142,2008,23
infovis08--4658143,2008,14
infovis08--4658144,2008,5
infovis08--4658145,2008,14
infovis08--4658146,2008,84
infovis08--4658147,2008,28
infovis08--4658148,2008,11
infovis08--4658149,2008,59
infovis08--4658150,2008,19
infovis09--5290726,2009,40
infovis09--5290725,2009,23
infovis09--5290724,2009,5
infovis09--5290723,2009,30
infovis09--5290722,2009,85
infovis09--5290721,2009,6
infovis09--5290720,2009,107
infovis09--5290719,2009,17
infovis09--5290718,2009,8
infovis09--5290717,2009,22
infovis09--5290716,2009,5
infovis09--5290715,2009,15
infovis09--5290714,2009,20
infovis09--5290713,2009,32
infovis09--5290712,2009,26
infovis09--5290711,2009,28
infovis09--5290710,2009,24
infovis09--5290709,2009,6
infovis09--5290708,2009,13
infovis09--5290707,2009,29
infovis09--5290706,2009,50
infovis09--5290705,2009,41
infovis09--5290704,2009,31
infovis09--5290703,2009,6
infovis09--5290702,2009,34
infovis09--5290701,2009,15
infovis09--5290700,2009,25
infovis09--5290699,2009,41
infovis09--5290698,2009,17
infovis09--5290697,2009,24
infovis09--5290696,2009,6
infovis09--5290695,2009,70
infovis09--5290694,2009,23
infovis09--5290693,2009,6
infovis09--5290692,2009,39
infovis09--5290691,2009,7
infovis09--5290690,2009,19
infovis10--180,2010,8
infovis10--191,2010,11
infovis10--193,2010,15
infovis10--137,2010,11
infovis10--163,2010,4
infovis10--162,2010,28
infovis10--209,2010,9
infovis10--164,2010,25
infovis10--149,2010,3
infovis10--150,2010,3
infovis10--161,2010,14
infovis10--176,2010,18
infovis10--186,2010,18
infovis10--177,2010,27
infovis10--174,2010,5
infovis10--184,2010,21
infovis10--138,2010,18
infovis10--130,2010,8
infovis10--197,2010,6
infovis10--216,2010,8
infovis10--185,2010,5
infovis10--159,2010,20
infovis10--217,2010,8
infovis10--210,2010,13
infovis10--205,2010,21
infovis10--183,2010,7
infovis10--206,2010,13
infovis10--129,2010,30
infovis10--179,2010,58
infovis10--144,2010,20
infovis10--222,2010,4
infovis10--126,2010,2
infovis10--154,2010,20
infovis10--194,2010,30
infovis10--175,2010,11
infovis11--255,2011,10
infovis11--253,2011,12
infovis11--251,2011,5
infovis11--250,2011,4
infovis11--247,2011,2
infovis11--239,2011,12
infovis11--237,2011,3
infovis11--234,2011,2
infovis11--233,2011,11
infovis11--232,2011,3
infovis11--229,2011,13
infovis11--227,2011,6
infovis11--226,2011,9
infovis11--223,2011,8
infovis11--220,2011,11
infovis11--213,2011,4
infovis11--212,2011,3
infovis11--209,2011,4
infovis11--205,2011,5
infovis11--201,2011,9
infovis11--197,2011,5
infovis11--196,2011,5
infovis11--195,2011,8
infovis11--193,2011,6
infovis11--192,2011,6
infovis11--191,2011,3
infovis11--190,2011,9
infovis11--187,2011,3
infovis11--186,2011,5
infovis11--185,2011,63
infovis11--183,2011,17
infovis11--181,2011,6
infovis11--176,2011,4
infovis11--175,2011,8
infovis11--174,2011,6
infovis11--169,2011,7
infovis11--167,2011,4
infovis11--166,2011,5
infovis11--163,2011,4
infovis11--160,2011,4
infovis11--257,2011,8
infovis11--259,2011,13
infovis12--291,2012,0
infovis12--288,2012,0
infovis12--286,2012,3
infovis12--285,2012,1
infovis12--279,2012,0
infovis12--275,2012,3
infovis12--272,2012,0
infovis12--271,2012,0
infovis12--265,2012,1
infovis12--264,2012,0
infovis12--263,2012,0
infovis12--262,2012,1
infovis12--256,2012,1
infovis12--255,2012,0
infovis12--253,2012,0
infovis12--252,2012,1
infovis12--251,2012,0
infovis12--250,2012,0
infovis12--245,2012,0
infovis12--244,2012,0
infovis12--238,2012,0
infovis12--237,2012,0
infovis12--236,2012,0
infovis12--233,2012,0
infovis12--230,2012,0
infovis12--229,2012,2
infovis12--226,2012,0
infovis12--225,2012,2
infovis12--221,2012,0
infovis12--220,2012,0
infovis12--215,2012,1
infovis12--214,2012,0
infovis12--213,2012,6
infovis12--212,2012,1
infovis12--208,2012,0
infovis12--207,2012,0
infovis12--205,2012,1
infovis12--204,2012,0
infovis12--199,2012,2
infovis12--197,2012,0
infovis12--196,2012,2
infovis12--193,2012,1
infovis12--192,2012,0
infovis12--189,2012,1
xxxx
infovis96--559213,infovis95--528684
infovis96--559213,infovis96--559210
infovis96--559226,infovis95--528697
infovis96--559222,infovis95--528682
infovis96--559218,infovis95--528692
infovis96--559225,infovis95--528686
infovis96--559223,infovis95--528686
infovis96--559224,infovis95--528680
infovis96--559220,infovis95--528686
infovis96--559229,infovis01--963283
infovis97--636718,infovis95--528689
infovis97--636718,infovis95--528691
infovis97--636792,infovis96--559213
infovis97--636792,infovis95--528684
infovis97--636792,infovis95--528697
infovis97--636792,infovis95--528686
infovis97--636761,infovis95--528690
infovis97--636786,infovis96--559214
infovis97--636794,infovis96--559213
infovis97--636794,infovis95--528682
infovis97--636794,infovis96--559211
infovis97--636759,infovis95--528689
infovis97--636759,infovis95--528686
infovis97--636759,infovis95--528691
infovis97--636759,infovis96--559223
infovis97--636789,infovis95--528688
infovis97--636789,infovis96--559223
infovis97--636789,infovis95--528686
infovis97--636791,infovis95--528686
infovis97--636791,infovis96--559224
infovis97--636791,infovis95--528688
infovis97--636785,infovis96--559210
infovis97--636790,infovis95--528688
infovis97--636778,infovis95--528696
infovis97--636788,infovis95--528688
infovis97--636788,infovis96--559210
infovis98--729558,infovis96--559214
infovis98--729558,infovis97--636786
infovis98--729558,infovis97--636718
infovis98--729560,infovis97--636792
infovis98--729560,infovis97--636761
infovis98--729560,infovis97--636793
infovis98--729560,infovis96--559222
infovis98--729560,infovis95--528686
infovis98--729555,infovis97--636794
infovis98--729555,infovis97--636792
infovis98--729555,infovis95--528689
infovis98--729570,infovis97--636789
infovis98--729570,infovis96--559220
infovis98--729570,infovis97--636761
infovis98--729570,infovis97--636793
infovis98--729570,infovis96--559228
infovis98--729570,infovis95--528686
infovis98--729557,infovis97--636787
infovis98--729568,infovis97--636761
infovis98--729568,infovis96--559220
infovis98--729568,infovis97--636759
infovis98--729568,infovis96--559228
infovis98--729568,infovis95--528686
infovis98--729556,infovis96--559216
infovis98--729562,infovis96--559226
infovis98--729562,infovis97--636759
infovis98--729562,infovis95--528691
infovis98--729562,infovis95--528688
infovis98--729569,infovis96--559228
infovis98--729569,infovis95--528686
infovis99--801866,infovis97--636791
infovis99--801866,infovis98--729565
infovis99--801866,infovis98--729570
infovis99--801866,infovis95--528686
infovis99--801858,infovis98--729555
infovis99--801858,infovis96--559216
infovis99--801859,infovis95--528689
infovis99--801859,infovis98--729555
infovis99--801853,infovis95--528689
infovis99--801853,infovis98--729560
infovis99--801853,infovis95--528691
infovis99--801853,infovis95--528686
infovis99--801857,infovis96--559214
infovis99--801857,infovis98--729558
infovis99--801861,infovis97--636761
infovis99--801865,infovis97--636793
infovis99--801862,infovis97--636790
infovis99--801864,infovis96--559219
infovis99--801863,infovis95--528684
infovis99--801868,infovis98--729559
infovis99--801868,infovis98--729570
infovis99--801868,infovis96--559228
infovis99--801868,infovis98--729569
infovis99--801856,infovis96--559210
infovis00--885098,infovis97--636789
infovis00--885098,infovis98--729570
infovis00--885086,infovis96--559210
infovis00--885092,infovis97--636761
infovis00--885092,infovis98--729560
infovis00--885091,infovis98--729557
infovis00--885091,infovis99--801860
infovis00--885095,infovis95--528686
infovis00--885088,infovis98--729559
infovis00--885088,infovis97--636759
infovis00--885088,infovis95--528691
infovis00--885088,infovis98--729555
infovis00--885088,infovis95--528686
infovis00--885097,infovis97--636791
infovis00--885097,infovis98--729565
infovis00--885097,infovis98--729570
infovis00--885097,infovis95--528686
infovis00--885097,infovis99--801866
infovis00--885090,infovis99--801858
infovis00--885090,infovis99--801859
infovis00--885094,infovis99--801857
infovis00--885094,infovis97--636786
infovis00--885089,infovis98--729557
infovis00--885093,infovis97--636792
infovis00--885093,infovis97--636788
infovis00--885096,infovis97--636794
infovis00--885096,infovis97--636792
infovis00--885096,infovis95--528691
infovis00--885103,infovis98--729557
infovis00--885087,infovis95--528688
infovis01--963279,infovis97--636718
infovis01--963273,infovis00--885098
infovis01--963273,infovis95--528685
infovis01--963290,infovis98--729557
infovis01--963285,infovis95--528689
infovis01--963285,infovis99--801860
infovis01--963286,infovis00--885088
infovis01--963289,infovis95--528688
infovis01--963275,infovis95--528686
infovis01--963287,infovis98--729570
infovis01--963274,infovis97--636789
infovis01--963274,infovis00--885099
infovis01--963274,infovis95--528686
infovis01--963288,infovis95--528690
infovis01--963288,infovis99--801867
infovis01--963284,infovis95--528692
infovis01--963284,infovis97--636718
infovis01--963294,infovis98--729563
infovis01--963278,infovis98--729558
infovis01--963278,infovis96--559214
infovis01--963278,infovis97--636786
infovis01--963278,infovis97--636718
infovis01--963278,infovis97--636784
infovis01--963281,infovis95--528689
infovis01--963281,infovis95--528691
infovis01--963293,infovis00--885089
infovis01--963293,infovis96--559218
infovis01--963293,infovis95--528697
infovis01--963293,infovis98--729553
infovis01--963293,infovis00--885090
infovis01--963293,infovis98--729554
infovis01--963293,infovis97--636718
infovis01--963293,infovis96--559226
infovis01--963293,infovis00--885101
infovis01--963282,infovis00--885089
infovis02--1173156,infovis01--963274
infovis02--1173156,infovis01--963279
infovis02--1173157,infovis96--559216
infovis02--1173155,infovis95--528685
infovis02--1173160,infovis01--963279
infovis02--1173151,infovis01--963290
infovis02--1173151,infovis98--729557
infovis02--1173151,infovis01--963284
infovis02--1173151,infovis99--801858
infovis02--1173151,infovis01--963285
infovis02--1173151,infovis95--528689
infovis02--1173151,infovis97--636718
infovis02--1173151,infovis01--963283
infovis02--1173151,infovis00--885091
infovis02--1173151,infovis01--963281
infovis02--1173151,infovis99--801860
infovis02--1173151,infovis01--963279
infovis02--1173153,infovis01--963290
infovis02--1173153,infovis01--963283
infovis02--1173153,infovis99--801860
infovis02--1173152,infovis98--729555
infovis02--1173145,infovis99--801858
infovis02--1173142,infovis95--528688
infovis02--1173142,infovis97--636788
infovis02--1173149,infovis98--729558
infovis02--1173149,infovis01--963286
infovis02--1173158,infovis97--636761
infovis02--1173158,infovis96--559210
infovis02--1173158,infovis00--885086
infovis02--1173143,infovis96--559211
infovis02--1173154,infovis01--963278
infovis02--1173162,infovis01--963273
infovis02--1173147,infovis01--963291
infovis03--1249028,infovis01--963290
infovis03--1249028,infovis02--1173155
infovis03--1249015,infovis98--729559
infovis03--1249015,infovis00--885086
infovis03--1249015,infovis02--1173151
infovis03--1249030,infovis02--1173141
infovis03--1249030,infovis03--1249004
infovis03--1249008,infovis96--559214
infovis03--1249008,infovis97--636786
infovis03--1249010,infovis02--1173160
infovis03--1249010,infovis01--963285
infovis03--1249004,infovis03--1249030
infovis03--1249006,infovis98--729559
infovis03--1249009,infovis96--559214
infovis03--1249009,infovis97--636718
infovis03--1249009,infovis00--885091
infovis03--1249009,infovis02--1173151
infovis03--1249009,infovis01--963279
infovis03--1249016,infovis98--729559
infovis03--1249016,infovis03--1249016
infovis03--1249007,infovis98--729560
infovis03--1249007,infovis96--559213
infovis03--1249007,infovis02--1173156
infovis03--1249017,infovis01--963275
infovis03--1249017,infovis02--1173159
infovis03--1249017,infovis02--1173161
infovis03--1249014,infovis96--559223
infovis03--1249014,infovis02--1173161
infovis03--1249014,infovis99--801855
infovis03--1249014,infovis95--528686
infovis03--1249012,infovis02--1173150
infovis03--1249012,infovis02--1173159
infovis03--1249012,infovis02--1173161
infovis03--1249020,infovis99--801862
infovis03--1249025,infovis98--729561
infovis03--1249024,infovis00--885092
infovis03--1249024,infovis02--1173157
infovis03--1249024,infovis96--559216
infovis03--1249023,infovis02--1173157
infovis03--1284026,infovis02--1173155
infovis03--1249027,infovis02--1173156
infovis03--1249026,infovis01--963285
infovis03--1249026,infovis01--963274
infovis03--1249021,infovis97--636784
infovis03--1249019,infovis98--729570
infovis04--1382905,infovis95--528688
infovis04--1382905,infovis02--1173156
infovis04--1382905,infovis03--1249008
infovis04--1382886,infovis03--1249030
infovis04--1382895,infovis98--729559
infovis04--1382895,infovis96--559215
infovis04--1382895,infovis00--885086
infovis04--1382895,infovis03--1249015
infovis04--1382909,infovis03--1249011
infovis04--1382909,infovis97--636718
infovis04--1382904,infovis02--1173141
infovis04--1382902,infovis03--1295823
infovis04--1382902,infovis01--963289
infovis04--1382902,infovis03--1284026
infovis04--1382902,infovis03--1249030
infovis04--1382902,infovis95--528686
infovis04--1382903,infovis97--636792
infovis04--1382903,infovis00--885092
infovis04--1382903,infovis99--801856
infovis04--1382885,infovis01--963285
infovis04--1382885,infovis01--963289
infovis04--1382885,infovis02--1173148
infovis04--1382885,infovis99--801860
infovis04--1382884,infovis01--963289
infovis04--1382906,infovis04--1382906
infovis04--1382906,infovis97--636718
infovis04--1382907,infovis03--1249030
infovis04--1382891,infovis02--1173150
infovis04--1382891,infovis01--963275
infovis04--1382891,infovis02--1173159
infovis04--1382891,infovis03--1249012
infovis04--1382891,infovis02--1173161
infovis04--1382891,infovis03--1249013
infovis04--1382891,infovis95--528686
infovis04--1382908,infovis99--801859
infovis04--1382888,infovis02--1173144
infovis04--1382900,infovis97--636718
infovis04--1382893,infovis98--729559
infovis04--1382893,infovis95--528686
infovis04--1382893,infovis03--1249014
infovis04--1382893,infovis03--1249015
infovis04--1382890,infovis03--1249009
infovis04--1382910,infovis02--1173159
infovis04--1382910,infovis97--636718
infovis04--1382899,infovis02--1173152
infovis04--1382899,infovis02--1173148
infovis04--1382901,infovis03--1249010
infovis04--1382901,infovis97--636791
infovis04--1382901,infovis99--801858
infovis04--1382901,infovis00--885090
infovis04--1382901,infovis03--1249005
infovis05--1532126,infovis04--1382886
infovis05--1532136,infovis98--729560
infovis05--1532136,infovis00--885092
infovis05--1532136,infovis01--963289
infovis05--1532136,infovis04--1382884
infovis05--1532150,infovis95--528697
infovis05--1532138,infovis04--1382894
infovis05--1532122,infovis00--885098
infovis05--1532122,infovis04--1382897
infovis05--1532142,infovis03--1249006
infovis05--1532142,infovis04--1382895
infovis05--1532142,infovis04--1382892
infovis05--1532129,infovis02--1173148
infovis05--1532129,infovis00--885091
infovis05--1532141,infovis04--1382894
infovis05--1532141,infovis03--1249024
infovis05--1532141,infovis02--1173157
infovis05--1532141,infovis04--1382895
infovis05--1532141,infovis03--1249008
infovis05--1532141,infovis04--1382893
infovis05--1532141,infovis03--1249015
infovis05--1532141,infovis02--1173151
infovis05--1532139,infovis02--1173157
infovis05--1532139,infovis03--1249016
infovis05--1532125,infovis04--1382889
infovis05--1532125,infovis99--801860
infovis05--1532145,infovis02--1173152
infovis05--1532145,infovis01--963283
infovis05--1532151,infovis04--1382886
infovis05--1532151,infovis03--1249009
infovis05--1532151,infovis96--559226
infovis05--1532148,infovis99--801867
infovis05--1532148,infovis99--801851
infovis05--1532148,infovis99--801860
infovis05--1532132,infovis04--1382899
infovis05--1532132,infovis00--885091
infovis05--1532149,infovis01--963274
infovis05--1532149,infovis01--963273
infovis05--1532133,infovis02--1173160
infovis05--1532133,infovis99--801853
infovis05--1532133,infovis01--963274
infovis05--1532133,infovis03--1249014
infovis05--1532124,infovis04--1382899
infovis05--1532124,infovis97--636718
infovis05--1532124,infovis02--1173148
infovis05--1532143,infovis97--636792
infovis05--1532143,infovis00--885092
infovis05--1532143,infovis96--559213
infovis05--1532143,infovis04--1382905
infovis05--1532143,infovis02--1173163
infovis05--1532143,infovis02--1173142
infovis05--1532143,infovis02--1173141
infovis05--1532143,infovis04--1382904
infovis05--1532152,infovis96--559226
infovis05--1532128,infovis04--1382900
infovis05--1532128,infovis01--963283
infovis05--1532128,infovis99--801860
infovis05--1532127,infovis04--1382905
infovis05--1532127,infovis02--1173156
infovis05--1532146,infovis00--885093
infovis05--1532146,infovis97--636718
infovis05--1532146,infovis00--885091
infovis05--1532140,infovis95--528691
infovis06--4015425,infovis04--1382886
infovis06--4015425,infovis97--636718
infovis06--4015425,infovis02--1173152
infovis06--4015425,infovis05--1532150
infovis06--4015425,infovis03--1249030
infovis06--4015425,infovis03--1249008
infovis06--4015425,infovis05--1532129
infovis06--4015419,infovis03--1249011
infovis06--4015419,infovis04--1382886
infovis06--4015419,infovis05--1532126
infovis06--4015419,infovis97--636718
infovis06--4015419,infovis04--1382909
infovis06--4015424,infovis04--1382886
infovis06--4015424,infovis05--1532126
infovis06--4015424,infovis05--1532124
infovis06--4015417,infovis04--1382905
infovis06--4015417,infovis05--1532126
infovis06--4015439,infovis98--729560
infovis06--4015439,infovis04--1382905
infovis06--4015439,infovis02--1173141
infovis06--4015439,infovis03--1249007
infovis06--4015439,infovis04--1382904
infovis06--4015416,infovis04--1382907
infovis06--4015416,infovis04--1382909
infovis06--4015416,infovis97--636718
infovis06--4015416,infovis05--1532127
infovis06--4015432,infovis02--1173156
infovis06--4015432,infovis98--729570
infovis06--4015431,infovis05--1532125
infovis06--4015431,infovis99--801859
infovis06--4015431,infovis99--801860
infovis06--4015431,infovis01--963290
infovis06--4015433,infovis04--1382907
infovis06--4015433,infovis04--1382909
infovis06--4015422,infovis04--1382894
infovis06--4015422,infovis04--1382895
infovis06--4015437,infovis02--1173156
infovis06--4015421,infovis04--1382900
infovis06--4015421,infovis00--885088
infovis06--4015421,infovis04--1382895
infovis06--4015418,infovis03--1249028
infovis06--4015418,infovis02--1173153
infovis06--4015418,infovis02--1173155
infovis06--4015435,infovis05--1532130
infovis06--4015436,infovis99--801854
infovis06--4015436,infovis02--1173156
infovis06--4015426,infovis04--1382888
infovis06--4015423,infovis01--963279
infovis06--4015434,infovis97--636718
infovis06--4015430,infovis04--1382908
infovis06--4015438,infovis96--559214
infovis06--4015438,infovis97--636786
infovis07--4376131,infovis03--1249007
infovis07--4376131,infovis05--1532122
infovis07--4376144,infovis05--1532136
infovis07--4376144,infovis96--559213
infovis07--4376144,infovis05--1532126
infovis07--4376144,infovis00--885091
infovis07--4376144,infovis99--801860
infovis07--4376154,infovis04--1382907
infovis07--4376154,infovis04--1382905
infovis07--4376154,infovis05--1532126
infovis07--4376154,infovis06--4015425
infovis07--4376154,infovis06--4015424
infovis07--4376154,infovis05--1532129
infovis07--4376146,infovis99--801854
infovis07--4376146,infovis02--1173148
infovis07--4376146,infovis01--963279
infovis07--4376143,infovis97--636789
infovis07--4376143,infovis97--636792
infovis07--4376143,infovis00--885092
infovis07--4376138,infovis04--1382905
infovis07--4376138,infovis04--1382904
infovis07--4376132,infovis99--801862
infovis07--4376134,infovis05--1532126
infovis07--4376134,infovis03--1249031
infovis07--4376134,infovis04--1382903
infovis07--4376134,infovis04--1382897
infovis07--4376140,infovis06--4015425
infovis07--4376140,infovis06--4015424
infovis07--4376140,infovis03--1249008
infovis07--4376145,infovis00--885091
infovis07--4376139,infovis06--4015428
infovis07--4376139,infovis05--1532122
infovis07--4376152,infovis06--4015431
infovis07--4376152,infovis05--1532145
infovis07--4376152,infovis99--801860
infovis07--4376136,infovis04--1382887
infovis07--4376136,infovis05--1532122
infovis07--4376147,infovis04--1382907
infovis07--4376147,infovis05--1532128
infovis07--4376147,infovis02--1173156
infovis07--4376147,infovis04--1382899
infovis07--4376147,infovis02--1173148
infovis07--4376147,infovis05--1532132
infovis07--4376147,infovis99--801860
infovis07--4376147,infovis06--4015431
infovis07--4376147,infovis05--1532129
infovis07--4376150,infovis05--1532140
infovis07--4376150,infovis05--1532137
infovis07--4376129,infovis02--1173156
infovis07--4376129,infovis04--1382888
infovis07--4376137,infovis04--1382904
infovis07--4376142,infovis01--963287
infovis07--4376142,infovis01--963273
infovis07--4376142,infovis00--885097
infovis07--4376151,infovis05--1532136
infovis07--4376151,infovis04--1382903
infovis07--4376149,infovis04--1382900
infovis07--4376149,infovis02--1173146
infovis07--4376149,infovis04--1382891
infovis07--4376149,infovis95--528686
infovis07--4376153,infovis02--1173148
infovis07--4376153,infovis00--885091
infovis07--4376153,infovis02--1173153
infovis07--4376153,infovis05--1532129
infovis07--4376153,infovis04--1382885
infovis07--4376153,infovis05--1532152
infovis07--4376148,infovis03--1249025
infovis07--4376130,infovis02--1173158
infovis07--4376130,infovis97--636718
infovis07--4376130,infovis02--1173148
infovis08--4658123,infovis05--1532136
infovis08--4658123,infovis98--729559
infovis08--4658123,infovis04--1382905
infovis08--4658123,infovis07--4376146
infovis08--4658123,infovis04--1382895
infovis08--4658123,infovis04--1382892
infovis08--4658123,infovis07--4376131
infovis08--4658123,infovis07--4376144
infovis08--4658146,infovis99--801854
infovis08--4658146,infovis07--4376146
infovis08--4658136,infovis00--885098
infovis08--4658136,infovis06--4015420
infovis08--4658136,infovis07--4376131
infovis08--4658136,infovis05--1532122
infovis08--4658129,infovis04--1382890
infovis08--4658129,infovis07--4376133
infovis08--4658133,infovis02--1173148
infovis08--4658133,infovis07--4376131
infovis08--4658133,infovis02--1173155
infovis08--4658133,infovis01--963279
infovis08--4658140,infovis07--4376143
infovis08--4658140,infovis07--4376155
infovis08--4658140,infovis04--1382906
infovis08--4658140,infovis06--4015425
infovis08--4658140,infovis05--1532138
infovis08--4658140,infovis05--1532150
infovis08--4658140,infovis04--1382909
infovis08--4658140,infovis03--1249008
infovis08--4658131,infovis07--4376131
infovis08--4658131,infovis05--1532122
infovis08--4658131,infovis07--4376132
infovis08--4658131,infovis07--4376138
infovis08--4658149,infovis01--963290
infovis08--4658149,infovis07--4376129
infovis08--4658149,infovis01--963283
infovis08--4658149,infovis07--4376152
infovis08--4658138,infovis04--1382885
infovis08--4658138,infovis02--1173153
infovis08--4658141,infovis03--1249011
infovis08--4658141,infovis06--4015433
infovis08--4658127,infovis00--885092
infovis08--4658127,infovis07--4376131
infovis08--4658127,infovis07--4376144
infovis08--4658137,infovis06--4015435
infovis08--4658137,infovis05--1532151
infovis08--4658137,infovis06--4015424
infovis08--4658124,infovis06--4015436
infovis08--4658124,infovis98--729560
infovis08--4658124,infovis04--1382900
infovis08--4658124,infovis05--1532126
infovis08--4658124,infovis05--1532133
infovis08--4658124,infovis01--963289
infovis08--4658124,infovis07--4376151
infovis08--4658124,infovis03--1249020
infovis08--4658124,infovis04--1382899
infovis08--4658124,infovis04--1382884
infovis08--4658124,infovis05--1532151
infovis08--4658124,infovis05--1532132
infovis08--4658124,infovis07--4376132
infovis08--4658124,infovis07--4376144
infovis08--4658128,infovis07--4376145
infovis08--4658128,infovis07--4376134
infovis08--4658128,infovis03--1249031
infovis08--4658128,infovis04--1382897
infovis08--4658128,infovis05--1532122
infovis08--4658147,infovis04--1382886
infovis08--4658147,infovis07--4376131
infovis08--4658142,infovis06--4015434
infovis08--4658142,infovis99--801854
infovis08--4658142,infovis06--4015435
infovis08--4658142,infovis04--1382906
infovis08--4658142,infovis05--1532126
infovis08--4658142,infovis02--1173159
infovis08--4658142,infovis06--4015419
infovis08--4658142,infovis02--1173148
infovis08--4658142,infovis04--1382909
infovis08--4658132,infovis07--4376141
infovis08--4658132,infovis07--4376131
infovis08--4658126,infovis00--885102
infovis08--4658126,infovis07--4376137
infovis08--4658139,infovis07--4376136
infovis08--4658139,infovis04--1382887
infovis08--4658145,infovis06--4015416
infovis08--4658145,infovis03--1249011
infovis08--4658145,infovis97--636792
infovis08--4658145,infovis06--4015417
infovis08--4658145,infovis07--4376154
infovis08--4658145,infovis06--4015425
infovis08--4658143,infovis07--4376155
infovis08--4658143,infovis05--1532126
infovis08--4658143,infovis02--1173159
infovis08--4658143,infovis05--1532145
infovis08--4658125,infovis02--1173156
infovis08--4658125,infovis04--1382906
infovis08--4658125,infovis05--1532148
infovis08--4658125,infovis98--729558
infovis08--4658125,infovis01--963278
infovis08--4658125,infovis96--559214
infovis08--4658125,infovis05--1532132
infovis08--4658125,infovis00--885091
infovis08--4658125,infovis02--1173151
infovis08--4658148,infovis01--963288
infovis08--4658148,infovis99--801860
infovis08--4658130,infovis07--4376141
infovis08--4658130,infovis01--963287
infovis08--4658130,infovis07--4376146
infovis08--4658130,infovis98--729570
infovis08--4658130,infovis06--4015425
infovis08--4658130,infovis05--1532134
infovis08--4658130,infovis96--559210
infovis08--4658130,infovis00--885091
infovis08--4658130,infovis07--4376131
infovis08--4658130,infovis01--963279
infovis08--4658144,infovis05--1532136
infovis08--4658144,infovis00--885092
infovis08--4658144,infovis06--4015421
infovis08--4658144,infovis04--1382885
infovis08--4658144,infovis07--4376131
infovis08--4658144,infovis03--1249015
infovis09--5290720,infovis08--4658136
infovis09--5290720,infovis98--729560
infovis09--5290720,infovis04--1382905
infovis09--5290720,infovis00--885098
infovis09--5290720,infovis06--4015439
infovis09--5290720,infovis00--885086
infovis09--5290720,infovis07--4376131
infovis09--5290720,infovis04--1382904
infovis09--5290722,infovis07--4376134
infovis09--5290722,infovis07--4376131
infovis09--5290722,infovis05--1532122
infovis09--5290695,infovis05--1532136
infovis09--5290695,infovis04--1382902
infovis09--5290695,infovis08--4658137
infovis09--5290695,infovis97--636792
infovis09--5290695,infovis98--729560
infovis09--5290695,infovis06--4015417
infovis09--5290695,infovis08--4658124
infovis09--5290695,infovis05--1532124
infovis09--5290695,infovis05--1532150
infovis09--5290695,infovis08--4658146
infovis09--5290695,infovis04--1382903
infovis09--5290695,infovis07--4376144
infovis09--5290706,infovis07--4376140
infovis09--5290706,infovis08--4658142
infovis09--5290706,infovis08--4658123
infovis09--5290706,infovis08--4658148
infovis09--5290706,infovis05--1532126
infovis09--5290706,infovis06--4015419
infovis09--5290706,infovis05--1532150
infovis09--5290699,infovis04--1382906
infovis09--5290699,infovis04--1382909
infovis09--5290699,infovis06--4015425
infovis09--5290699,infovis06--4015419
infovis09--5290699,infovis06--4015424
infovis09--5290705,infovis98--729559
infovis09--5290705,infovis04--1382894
infovis09--5290705,infovis05--1532139
infovis09--5290705,infovis03--1249023
infovis09--5290705,infovis06--4015422
infovis09--5290705,infovis08--4658123
infovis09--5290705,infovis05--1532141
infovis09--5290705,infovis02--1173157
infovis09--5290705,infovis05--1532138
infovis09--5290705,infovis05--1532139
infovis09--5290705,infovis04--1382895
infovis09--5290705,infovis03--1249008
infovis09--5290705,infovis03--1249015
infovis09--5290726,infovis00--885098
infovis09--5290726,infovis07--4376131
infovis09--5290726,infovis08--4658133
infovis09--5290692,infovis06--4015425
infovis09--5290692,infovis05--1532134
infovis09--5290702,infovis07--4376146
infovis09--5290702,infovis03--1249006
infovis09--5290702,infovis08--4658146
infovis09--5290702,infovis08--4658149
infovis09--5290702,infovis07--4376144
infovis09--5290713,infovis98--729560
infovis09--5290713,infovis07--4376145
infovis09--5290713,infovis04--1382904
infovis09--5290713,infovis05--1532143
infovis09--5290704,infovis98--729559
infovis09--5290704,infovis06--4015421
infovis09--5290704,infovis08--4658134
infovis09--5290704,infovis04--1382895
infovis09--5290704,infovis04--1382892
infovis09--5290704,infovis05--1532142
infovis09--5290704,infovis04--1382891
infovis09--5290704,infovis04--1382893
infovis09--5290704,infovis03--1249015
infovis09--5290707,infovis08--4658123
infovis09--5290707,infovis04--1382905
infovis09--5290707,infovis00--885086
infovis09--5290711,infovis00--885098
infovis09--5290711,infovis05--1532122
infovis09--5290712,infovis03--1249027
infovis09--5290712,infovis06--4015432
infovis09--5290712,infovis95--528686
infovis09--5290700,infovis08--4658147
infovis09--5290697,infovis05--1532124
infovis09--5290697,infovis96--559216
infovis09--5290710,infovis08--4658140
infovis09--5290710,infovis06--4015422
infovis09--5290710,infovis06--4015425
infovis09--5290710,infovis05--1532150
infovis09--5290694,infovis06--4015427
infovis09--5290694,infovis07--4376143
infovis09--5290694,infovis07--4376136
infovis09--5290694,infovis04--1382887
infovis09--5290694,infovis06--4015426
infovis09--5290694,infovis05--1532144
infovis09--5290694,infovis99--801851
infovis09--5290725,infovis08--4658134
infovis09--5290717,infovis05--1532125
infovis09--5290717,infovis04--1382896
infovis09--5290717,infovis07--4376134
infovis09--5290717,infovis05--1532122
infovis09--5290717,infovis08--4658133
infovis09--5290714,infovis07--4376145
infovis09--5290714,infovis08--4658146
infovis09--5290714,infovis08--4658144
infovis09--5290690,infovis06--4015425
infovis09--5290698,infovis06--4015418
infovis09--5290719,infovis07--4376147
infovis09--5290719,infovis00--885092
infovis09--5290719,infovis06--4015422
infovis09--5290719,infovis04--1382905
infovis09--5290719,infovis02--1173156
infovis09--5290719,infovis06--4015439
infovis09--5290719,infovis04--1382904
infovis09--5290701,infovis08--4658140
infovis09--5290701,infovis06--4015425
infovis09--5290701,infovis95--528685
infovis09--5290701,infovis06--4015418
infovis09--5290701,infovis08--4658147
infovis09--5290701,infovis01--963281
infovis09--5290715,infovis08--4658131
infovis09--5290715,infovis98--729560
infovis09--5290715,infovis06--4015439
infovis09--5290715,infovis07--4376131
infovis09--5290715,infovis08--4658133
infovis09--5290708,infovis05--1532139
infovis09--5290708,infovis00--885098
infovis09--5290708,infovis97--636793
infovis09--5290708,infovis01--963288
infovis09--5290708,infovis08--4658127
infovis09--5290708,infovis06--4015432
infovis09--5290718,infovis97--636792
infovis09--5290718,infovis98--729560
infovis09--5290718,infovis02--1173156
infovis09--5290718,infovis07--4376155
infovis09--5290718,infovis04--1382904
infovis09--5290691,infovis04--1382907
infovis09--5290691,infovis06--4015421
infovis09--5290691,infovis07--4376143
infovis09--5290696,infovis03--1249024
infovis09--5290696,infovis08--4658123
infovis09--5290696,infovis01--963287
infovis09--5290696,infovis07--4376133
infovis09--5290696,infovis07--4376131
infovis09--5290696,infovis96--559216
infovis09--5290709,infovis04--1382900
infovis09--5290709,infovis01--963274
infovis09--5290709,infovis02--1173146
infovis09--5290709,infovis01--963291
infovis09--5290709,infovis07--4376149
infovis09--5290709,infovis04--1382891
infovis09--5290709,infovis95--528686
infovis09--5290721,infovis05--1532138
infovis09--5290721,infovis04--1382889
infovis09--5290721,infovis02--1173155
infovis09--5290716,infovis04--1382905
infovis09--5290716,infovis03--1249009
infovis09--5290716,infovis01--963279
infovis09--5290716,infovis08--4658138
infovis09--5290724,infovis08--4658140
infovis09--5290724,infovis08--4658142
infovis09--5290724,infovis08--4658127
infovis09--5290724,infovis00--885091
infovis09--5290724,infovis04--1382909
infovis09--5290724,infovis08--4658133
infovis10--179,infovis08--4658129
infovis10--179,infovis07--4376146
infovis10--179,infovis07--4376131
infovis10--194,infovis09--5290722
infovis10--194,infovis05--1532122
infovis10--194,infovis07--4376132
infovis10--129,infovis08--4658136
infovis10--129,infovis08--4658131
infovis10--129,infovis05--1532133
infovis10--129,infovis03--1249028
infovis10--129,infovis07--4376134
infovis10--162,infovis08--4658136
infovis10--162,infovis07--4376143
infovis10--162,infovis07--4376151
infovis10--162,infovis08--4658146
infovis10--162,infovis05--1532144
infovis10--162,infovis99--801851
infovis10--177,infovis09--5290700
infovis10--177,infovis01--963289
infovis10--177,infovis08--4658124
infovis10--177,infovis08--4658127
infovis10--177,infovis09--5290708
infovis10--177,infovis08--4658147
infovis10--177,infovis09--5290711
infovis10--177,infovis07--4376144
infovis10--177,infovis08--4658138
infovis10--164,infovis05--1532136
infovis10--164,infovis00--885092
infovis10--164,infovis98--729560
infovis10--164,infovis07--4376143
infovis10--164,infovis06--4015420
infovis10--164,infovis08--4658129
infovis10--164,infovis01--963289
infovis10--164,infovis08--4658124
infovis10--164,infovis07--4376133
infovis10--164,infovis07--4376134
infovis10--164,infovis07--4376131
infovis10--164,infovis07--4376144
infovis10--205,infovis03--1249011
infovis10--205,infovis06--4015436
infovis10--205,infovis04--1382901
infovis10--205,infovis07--4376140
infovis10--205,infovis08--4658123
infovis10--205,infovis05--1532141
infovis10--205,infovis09--5290697
infovis10--205,infovis05--1532142
infovis10--205,infovis09--5290705
infovis10--184,infovis05--1532136
infovis10--184,infovis98--729559
infovis10--184,infovis06--4015422
infovis10--184,infovis97--636793
infovis10--184,infovis05--1532142
infovis10--154,infovis09--5290725
infovis10--154,infovis06--4015423
infovis10--154,infovis08--4658140
infovis10--154,infovis00--885098
infovis10--154,infovis05--1532126
infovis10--154,infovis06--4015425
infovis10--154,infovis06--4015419
infovis10--154,infovis06--4015432
infovis10--154,infovis09--5290723
infovis10--154,infovis09--5290699
infovis10--154,infovis09--5290726
infovis10--154,infovis09--5290722
infovis10--154,infovis08--4658133
infovis10--154,infovis95--528686
infovis10--144,infovis09--5290720
infovis10--144,infovis04--1382905
infovis10--144,infovis06--4015439
infovis10--144,infovis07--4376146
infovis10--144,infovis09--5290718
infovis10--144,infovis09--5290719
infovis10--144,infovis09--5290702
infovis10--144,infovis07--4376131
infovis10--144,infovis04--1382904
infovis10--159,infovis02--1173156
infovis10--159,infovis05--1532124
infovis10--138,infovis07--4376153
infovis10--138,infovis06--4015425
infovis10--138,infovis05--1532139
infovis10--138,infovis09--5290692
infovis10--138,infovis07--4376152
infovis10--186,infovis01--963290
infovis10--186,infovis04--1382885
infovis10--186,infovis07--4376151
infovis10--186,infovis01--963283
infovis10--186,infovis00--885091
infovis10--186,infovis99--801860
infovis10--186,infovis05--1532145
infovis10--186,infovis08--4658138
infovis10--176,infovis08--4658123
infovis10--176,infovis09--5290705
infovis10--176,infovis01--963286
infovis10--176,infovis04--1382892
infovis10--161,infovis07--4376131
infovis10--206,infovis08--4658136
infovis10--206,infovis07--4376134
infovis10--206,infovis99--801851
infovis10--206,infovis02--1173155
infovis10--206,infovis01--963273
infovis10--210,infovis06--4015416
infovis10--210,infovis09--5290706
infovis10--210,infovis06--4015435
infovis10--210,infovis08--4658142
infovis10--210,infovis08--4658123
infovis10--210,infovis08--4658148
infovis10--210,infovis05--1532126
infovis10--210,infovis08--4658145
infovis10--210,infovis07--4376154
infovis10--210,infovis10--210
infovis10--210,infovis06--4015424
infovis10--175,infovis07--4376134
infovis10--175,infovis03--1249031
infovis10--175,infovis09--5290722
infovis10--175,infovis07--4376144
infovis10--137,infovis06--4015439
infovis10--137,infovis07--4376151
infovis10--137,infovis09--5290692
infovis10--137,infovis07--4376132
infovis10--191,infovis07--4376139
infovis10--191,infovis07--4376146
infovis10--191,infovis00--885095
infovis10--191,infovis09--5290702
infovis10--191,infovis07--4376132
infovis10--191,infovis08--4658149
infovis10--209,infovis04--1382885
infovis10--209,infovis01--963291
infovis10--217,infovis07--4376155
infovis10--216,infovis04--1382894
infovis10--216,infovis02--1173157
infovis10--216,infovis97--636793
infovis10--216,infovis04--1382895
infovis10--180,infovis04--1382888
infovis10--180,infovis08--4658149
infovis10--183,infovis09--5290722
infovis10--183,infovis02--1173151
infovis10--197,infovis04--1382894
infovis10--197,infovis05--1532139
infovis10--197,infovis00--885098
infovis10--197,infovis05--1532138
infovis10--197,infovis05--1532122
infovis10--185,infovis08--4658145
infovis10--185,infovis05--1532124
infovis10--185,infovis08--4658143
infovis10--185,infovis97--636718
infovis10--185,infovis02--1173152
infovis10--185,infovis02--1173148
infovis10--185,infovis03--1249004
infovis10--174,infovis08--4658146
infovis10--222,infovis09--5290720
infovis10--222,infovis08--4658131
infovis10--222,infovis04--1382905
infovis10--222,infovis09--5290715
infovis10--222,infovis07--4376131
infovis10--222,infovis04--1382904
infovis10--163,infovis09--5290720
infovis10--163,infovis09--5290692
infovis10--149,infovis09--5290701
infovis10--149,infovis09--5290698
infovis10--149,infovis08--4658133
infovis10--126,infovis04--1382905
infovis10--126,infovis09--5290695
infovis11--185,infovis08--4658136
infovis11--185,infovis04--1382905
infovis11--185,infovis00--885098
infovis11--185,infovis06--4015439
infovis11--185,infovis10--144
infovis11--185,infovis07--4376146
infovis11--185,infovis00--885091
infovis11--185,infovis05--1532122
infovis11--185,infovis04--1382904
infovis11--183,infovis07--4376140
infovis11--183,infovis09--5290706
infovis11--183,infovis06--4015425
infovis11--183,infovis01--963286
infovis11--183,infovis10--138
infovis11--183,infovis06--4015424
infovis11--183,infovis10--174
infovis11--259,infovis07--4376146
infovis11--259,infovis05--1532133
infovis11--259,infovis10--162
infovis11--259,infovis03--1249028
infovis11--259,infovis10--193
infovis11--229,infovis98--729559
infovis11--229,infovis97--636794
infovis11--229,infovis00--885092
infovis11--229,infovis06--4015421
infovis11--229,infovis10--184
infovis11--229,infovis06--4015422
infovis11--229,infovis07--4376143
infovis11--229,infovis09--5290704
infovis11--229,infovis03--1249006
infovis11--229,infovis04--1382895
infovis11--229,infovis10--179
infovis11--229,infovis04--1382903
infovis11--229,infovis05--1532145
infovis11--229,infovis05--1532142
infovis11--229,infovis03--1249015
infovis11--229,infovis07--4376144
infovis11--239,infovis08--4658136
infovis11--239,infovis10--129
infovis11--239,infovis06--4015435
infovis11--239,infovis00--885098
infovis11--239,infovis05--1532152
infovis11--239,infovis09--5290722
infovis11--239,infovis05--1532122
infovis11--253,infovis01--963290
infovis11--253,infovis04--1382885
infovis11--220,infovis09--5290725
infovis11--220,infovis07--4376155
infovis11--220,infovis02--1173159
infovis11--220,infovis02--1173161
infovis11--233,infovis06--4015416
infovis11--233,infovis08--4658140
infovis11--233,infovis07--4376143
infovis11--233,infovis06--4015425
infovis11--233,infovis09--5290707
infovis11--233,infovis05--1532150
infovis11--233,infovis03--1249030
infovis11--255,infovis10--177
infovis11--255,infovis09--5290695
infovis11--255,infovis10--179
infovis11--255,infovis07--4376131
infovis11--190,infovis08--4658140
infovis11--190,infovis07--4376143
infovis11--190,infovis07--4376154
infovis11--190,infovis06--4015425
infovis11--190,infovis03--1249008
infovis11--201,infovis05--1532136
infovis11--201,infovis07--4376140
infovis11--201,infovis06--4015422
infovis11--201,infovis08--4658123
infovis11--201,infovis02--1173157
infovis11--201,infovis10--205
infovis11--201,infovis05--1532142
infovis11--226,infovis04--1382894
infovis11--226,infovis10--176
infovis11--226,infovis06--4015425
infovis11--226,infovis09--5290717
infovis11--226,infovis99--801866
infovis11--257,infovis04--1382892
infovis11--257,infovis00--885086
infovis11--257,infovis04--1382891
infovis11--175,infovis07--4376146
infovis11--175,infovis08--4658124
infovis11--175,infovis10--177
infovis11--175,infovis09--5290695
infovis11--175,infovis08--4658146
infovis11--175,infovis01--963279
infovis11--195,infovis05--1532148
infovis11--195,infovis99--801851
infovis11--195,infovis10--162
infovis11--195,infovis10--193
infovis11--195,infovis07--4376151
infovis11--195,infovis01--963273
infovis11--223,infovis08--4658140
infovis11--223,infovis11--233
infovis11--223,infovis04--1382906
infovis11--223,infovis06--4015425
infovis11--223,infovis09--5290707
infovis11--223,infovis05--1532150
infovis11--223,infovis03--1249008
infovis11--169,infovis06--4015420
infovis11--169,infovis07--4376154
infovis11--169,infovis09--5290690
infovis11--169,infovis06--4015419
infovis11--174,infovis09--5290702
infovis11--174,infovis10--161
infovis11--174,infovis08--4658149
infovis11--181,infovis06--4015439
infovis11--181,infovis07--4376138
infovis11--192,infovis05--1532136
infovis11--192,infovis07--4376149
infovis11--193,infovis10--209
infovis11--193,infovis04--1382885
infovis11--227,infovis05--1532142
infovis11--227,infovis07--4376133
infovis11--227,infovis09--5290702
infovis11--227,infovis02--1173141
infovis11--227,infovis06--4015431
infovis11--227,infovis10--186
infovis11--227,infovis10--209
infovis11--227,infovis00--885091
infovis11--227,infovis05--1532145
infovis11--227,infovis05--1532128
infovis11--166,infovis04--1382894
infovis11--166,infovis10--184
infovis11--166,infovis07--4376143
infovis11--166,infovis06--4015422
infovis11--166,infovis02--1173157
infovis11--166,infovis05--1532138
infovis11--166,infovis96--559216
infovis11--186,infovis09--5290706
infovis11--186,infovis08--4658148
infovis11--186,infovis05--1532126
infovis11--186,infovis05--1532139
infovis11--186,infovis10--210
infovis11--196,infovis07--4376134
infovis11--196,infovis03--1249031
infovis11--197,infovis06--4015427
infovis11--197,infovis10--191
infovis11--197,infovis10--186
infovis11--197,infovis04--1382904
infovis11--197,infovis96--559216
infovis11--197,infovis08--4658149
infovis11--197,infovis07--4376144
infovis11--205,infovis98--729558
infovis11--205,infovis96--559214
infovis11--205,infovis97--636786
infovis11--251,infovis04--1382902
infovis11--251,infovis06--4015435
infovis11--251,infovis07--4376143
infovis11--251,infovis10--164
infovis11--251,infovis10--144
infovis11--251,infovis10--179
infovis11--251,infovis08--4658147
infovis11--160,infovis09--5290720
infovis11--160,infovis98--729558
infovis11--160,infovis07--4376131
infovis11--163,infovis10--184
infovis11--163,infovis05--1532138
infovis11--167,infovis06--4015420
infovis11--176,infovis08--4658123
infovis11--176,infovis10--194
infovis11--176,infovis10--130
infovis11--176,infovis07--4376138
infovis11--209,infovis09--5290720
infovis11--209,infovis10--191
infovis11--213,infovis04--1382908
infovis11--213,infovis07--4376154
infovis11--213,infovis03--1249006
infovis11--213,infovis09--5290697
infovis11--213,infovis00--885087
infovis11--213,infovis05--1532151
infovis11--213,infovis06--4015424
infovis11--213,infovis07--4376152
infovis11--213,infovis08--4658125
infovis11--213,infovis02--1173153
infovis11--250,infovis06--4015416
infovis11--250,infovis07--4376140
infovis11--250,infovis07--4376154
infovis11--250,infovis06--4015425
infovis11--250,infovis10--138
infovis11--250,infovis03--1249006
infovis11--250,infovis09--5290692
infovis11--250,infovis10--216
infovis11--250,infovis06--4015424
infovis11--250,infovis05--1532129
infovis11--187,infovis10--159
infovis11--187,infovis04--1382886
infovis11--187,infovis07--4376154
infovis11--212,infovis09--5290725
infovis11--212,infovis08--4658134
infovis11--212,infovis02--1173148
infovis11--212,infovis99--801855
infovis11--232,infovis02--1173156
infovis11--232,infovis07--4376150
infovis11--232,infovis09--5290692
infovis11--232,infovis09--5290702
infovis11--237,infovis08--4658123
infovis11--237,infovis04--1382895
infovis11--237,infovis05--1532142
infovis11--234,infovis99--801869
infovis11--247,infovis06--4015425
infovis11--247,infovis07--4376140
infovis11--247,infovis06--4015424
infovis11--247,infovis03--1249030
infovis11--247,infovis06--4015416
infovis11--247,infovis06--4015418
infovis11--247,infovis09--5290692
infovis11--247,infovis00--885091
infovis11--247,infovis02--1173151
infovis11--247,infovis08--4658140
infovis12--213,infovis05--1532136
infovis12--213,infovis08--4658137
infovis12--213,infovis10--206
infovis12--213,infovis11--192
infovis12--213,infovis03--1249023
infovis12--213,infovis11--209
infovis12--213,infovis10--137
infovis12--213,infovis09--5290692
infovis12--213,infovis09--5290695
infovis12--213,infovis99--801869
infovis12--213,infovis96--559226
infovis12--213,infovis09--5290690
infovis12--213,infovis12--255
infovis12--213,infovis11--174
infovis12--275,infovis09--5290720
infovis12--275,infovis10--164
infovis12--275,infovis07--4376145
infovis12--275,infovis11--251
infovis12--286,infovis09--5290721
infovis12--196,infovis06--4015420
infovis12--196,infovis11--167
infovis12--199,infovis09--5290706
infovis12--199,infovis10--210
infovis12--225,infovis09--5290701
infovis12--225,infovis05--1532150
infovis12--225,infovis06--4015418
infovis12--225,infovis05--1532152
infovis12--225,infovis09--5290698
infovis12--229,infovis09--5290706
infovis12--229,infovis11--183
infovis12--189,infovis05--1532136
infovis12--189,infovis11--233
infovis12--189,infovis06--4015425
infovis12--189,infovis06--4015424
infovis12--189,infovis02--1173155
infovis12--189,infovis03--1249008
infovis12--189,infovis05--1532131
infovis12--193,infovis11--191
infovis12--193,infovis00--885087
infovis12--193,infovis11--183
infovis12--193,infovis10--180
infovis12--205,infovis98--729560
infovis12--205,infovis06--4015439
infovis12--205,infovis10--186
infovis12--205,infovis09--5290702
infovis12--205,infovis06--4015431
infovis12--205,infovis08--4658149
infovis12--212,infovis02--1173160
infovis12--212,infovis08--4658136
infovis12--212,infovis11--239
infovis12--212,infovis08--4658140
infovis12--212,infovis07--4376143
infovis12--212,infovis06--4015433
infovis12--212,infovis08--4658146
infovis12--212,infovis11--190
infovis12--212,infovis03--1249008
infovis12--215,infovis11--193
infovis12--215,infovis11--183
infovis12--215,infovis10--149
infovis12--252,infovis10--154
infovis12--252,infovis08--4658131
infovis12--252,infovis07--4376146
infovis12--252,infovis09--5290699
infovis12--256,infovis09--5290704
infovis12--256,infovis04--1382892
infovis12--256,infovis11--257
infovis12--256,infovis05--1532142
infovis12--256,infovis04--1382891
infovis12--262,infovis12--220
infovis12--262,infovis11--175
infovis12--262,infovis11--255
infovis12--262,infovis10--186
infovis12--262,infovis11--209
infovis12--262,infovis11--251
infovis12--265,infovis10--197
infovis12--265,infovis05--1532144
infovis12--285,infovis10--176
infovis12--285,infovis04--1382890
infovis12--285,infovis02--1173145
infovis12--285,infovis11--197
infovis12--285,infovis10--183
infovis12--192,infovis10--191
infovis12--192,infovis11--191
infovis12--192,infovis00--885095
infovis12--197,infovis11--175
infovis12--197,infovis08--4658138
infovis12--204,infovis10--206
infovis12--204,infovis98--729560
infovis12--204,infovis10--164
infovis12--204,infovis07--4376154
infovis12--204,infovis07--4376145
infovis12--204,infovis08--4658127
infovis12--204,infovis09--5290713
infovis12--204,infovis05--1532122
infovis12--204,infovis07--4376144
infovis12--207,infovis10--184
infovis12--207,infovis10--138
infovis12--208,infovis04--1382907
infovis12--208,infovis10--159
infovis12--208,infovis06--4015435
infovis12--208,infovis04--1382886
infovis12--208,infovis07--4376153
infovis12--208,infovis05--1532126
infovis12--208,infovis08--4658145
infovis12--208,infovis06--4015417
infovis12--208,infovis07--4376154
infovis12--208,infovis06--4015425
infovis12--208,infovis11--187
infovis12--208,infovis04--1382884
infovis12--208,infovis03--1249030
infovis12--214,infovis11--255
infovis12--214,infovis10--177
infovis12--214,infovis11--251
infovis12--220,infovis07--4376132
infovis12--220,infovis12--262
infovis12--221,infovis09--5290706
infovis12--221,infovis07--4376134
infovis12--221,infovis07--4376131
infovis12--226,infovis09--5290706
infovis12--226,infovis99--801869
infovis12--226,infovis03--1249030
infovis12--230,infovis10--161
infovis12--236,infovis09--5290700
infovis12--236,infovis05--1532130
infovis12--237,infovis11--201
infovis12--237,infovis08--4658123
infovis12--237,infovis07--4376150
infovis12--237,infovis02--1173157
infovis12--237,infovis07--4376154
infovis12--237,infovis11--223
infovis12--237,infovis07--4376145
infovis12--237,infovis08--4658124
infovis12--237,infovis09--5290697
infovis12--237,infovis07--4376144
infovis12--238,infovis06--4015416
infovis12--238,infovis06--4015436
infovis12--238,infovis10--154
infovis12--238,infovis08--4658140
infovis12--238,infovis11--233
infovis12--238,infovis06--4015425
infovis12--238,infovis05--1532150
infovis12--244,infovis08--4658128
infovis12--244,infovis11--175
infovis12--244,infovis04--1382897
infovis12--245,infovis09--5290700
infovis12--245,infovis08--4658147
infovis12--250,infovis05--1532128
infovis12--250,infovis10--154
infovis12--250,infovis09--5290712
infovis12--250,infovis06--4015425
infovis12--250,infovis97--636718
infovis12--251,infovis11--160
infovis12--251,infovis06--4015437
infovis12--253,infovis08--4658136
infovis12--253,infovis11--239
infovis12--253,infovis10--129
infovis12--253,infovis07--4376143
infovis12--253,infovis05--1532148
infovis12--253,infovis00--885098
infovis12--253,infovis10--162
infovis12--253,infovis08--4658150
infovis12--253,infovis10--193
infovis12--253,infovis11--259
infovis12--253,infovis10--194
infovis12--253,infovis09--5290708
infovis12--253,infovis99--801851
infovis12--253,infovis09--5290711
infovis12--253,infovis05--1532122
infovis12--253,infovis11--195
infovis12--255,infovis08--4658137
infovis12--255,infovis05--1532126
infovis12--255,infovis08--4658145
infovis12--255,infovis06--4015417
infovis12--255,infovis07--4376154
infovis12--255,infovis09--5290695
infovis12--255,infovis99--801869
infovis12--255,infovis09--5290690
infovis12--255,infovis12--213
infovis12--255,infovis03--1249030
infovis12--255,infovis04--1382904
infovis12--263,infovis11--185
infovis12--263,infovis97--636793
infovis12--263,infovis96--559229
infovis12--263,infovis10--179
infovis12--263,infovis07--4376130
infovis12--263,infovis07--4376131
infovis12--264,infovis10--191
infovis12--264,infovis02--1173144
infovis12--264,infovis10--175
infovis12--264,infovis10--194
infovis12--264,infovis00--885095
infovis12--264,infovis09--5290722
infovis12--264,infovis95--528686
infovis12--264,infovis05--1532131
infovis12--264,infovis08--4658149
infovis12--272,infovis07--4376146
infovis12--272,infovis08--4658128
infovis12--272,infovis09--5290695
infovis12--272,infovis97--636718
infovis12--272,infovis07--4376134
infovis12--279,infovis11--197
infovis12--288,infovis05--1532140
infovis12--288,infovis07--4376150
infovis12--291,infovis10--129
infovis12--291,infovis06--4015427
infovis12--291,infovis07--4376143
infovis12--291,infovis00--885098
infovis12--291,infovis06--4015425
infovis12--291,infovis08--4658146
infovis12--291,infovis09--5290722

